agent_id,email,phone_number,address,city,postal_code,country,years_experience,languages_spoken,specialization,license_number,commission_rate,active_listings,average_sale_price,last_sale_date,next_available_date,preferred_communication,social_media_handles,education_level,professional_certifications,average_customer_rating,years_with_company,team_size,preferred_working_hours,commission_earned,active_clients,designation,full_name,company,reviews,rating
1,mhurne0@hostgator.com,346-776-9779,96794 Brown Junction,Malgobek,386340,Russia,3,French,Vacation Rentals,76123,0.1,4,409888,3/27/2021,1/22/2023,Text,@agenthandle1,Master's Degree,GRI,3.8,15,10,1:52 AM,Ruble,36,Account Coordinator,Mordy Hurne,Tagtune,Duis bibendum. Morbi non quam nec dui luctus rutrum. Nulla tellus.,4.9
2,jiskowicz1@ca.gov,560-897-5822,343 Oxford Alley,Popayán,190018,Colombia,5,French,Residential,94499,0.02,26,809036,10/17/2020,7/26/2024,Email,@agenthandle1,High School Diploma,CRS,4.8,20,3,5:27 PM,Peso,28,Help Desk Technician,Joellen Iskowicz,Demimbu,"Fusce posuere felis sed lacus. Morbi sem mauris, laoreet ut, rhoncus aliquet, pulvinar sed, nisl. Nunc rhoncus dui vel sem.

Sed sagittis. Nam congue, risus semper porta volutpat, quam pede lobortis ligula, sit amet eleifend pede libero quis orci. Nullam molestie nibh in lectus.

Pellentesque at nulla. Suspendisse potenti. Cras in purus eu magna vulputate luctus.",1.1
3,aschwand2@prlog.org,944-881-4687,07852 Loeprich Park,Apengjiang,,China,3,Spanish,Vacation Rentals,16002,0.04,9,747041,12/1/2018,7/14/2024,Text,@agenthandle3,Bachelor's Degree,ABR,3.7,9,4,9:11 PM,Yuan Renminbi,20,Software Test Engineer I,Ahmed Schwand,Kazio,"In hac habitasse platea dictumst. Morbi vestibulum, velit id pretium iaculis, diam erat fermentum justo, nec condimentum neque sapien placerat ante. Nulla justo.

Aliquam quis turpis eget elit sodales scelerisque. Mauris sit amet eros. Suspendisse accumsan tortor quis turpis.

Sed ante. Vivamus tortor. Duis mattis egestas metus.",2.5
4,rjerred3@ehow.com,154-611-1578,3603 Vernon Park,Zaolin,,China,27,Spanish,Commercial,55891,0.01,33,336794,7/4/2017,9/4/2024,Email,@agenthandle1,High School Diploma,CRS,1.5,2,5,6:10 PM,Yuan Renminbi,25,Technical Writer,Rita Jerred,Linktype,"Proin interdum mauris non ligula pellentesque ultrices. Phasellus id sapien in sapien iaculis congue. Vivamus metus arcu, adipiscing molestie, hendrerit at, vulputate vitae, nisl.

Aenean lectus. Pellentesque eget nunc. Donec quis orci eget orci vehicula condimentum.",2.1
5,hcordobes4@aboutads.info,299-156-4532,6 7th Terrace,Yuankeng,,China,4,Spanish,Residential,83248,0.09,77,837269,1/2/2020,4/14/2023,Text,@agenthandle1,High School Diploma,CRS,2.2,6,9,3:06 PM,Yuan Renminbi,34,Business Systems Development Analyst,Heath Cordobes,Ntags,"Curabitur gravida nisi at nibh. In hac habitasse platea dictumst. Aliquam augue quam, sollicitudin vitae, consectetuer eget, rutrum at, lorem.

Integer tincidunt ante vel ipsum. Praesent blandit lacinia erat. Vestibulum sed magna at nunc commodo placerat.",1.6
6,ajago5@163.com,138-212-1786,19 Atwood Junction,Xiangride,,China,9,English,Commercial,77736,0.08,81,166762,3/21/2020,3/24/2023,Text,@agenthandle1,Bachelor's Degree,GRI,3.0,3,4,4:37 PM,Yuan Renminbi,33,Teacher,Abby Jago,Jetwire,"Aliquam quis turpis eget elit sodales scelerisque. Mauris sit amet eros. Suspendisse accumsan tortor quis turpis.

Sed ante. Vivamus tortor. Duis mattis egestas metus.",4.0
7,daugie6@pcworld.com,484-435-9627,04 Main Crossing,Pérama,,Greece,17,English,Commercial,84413,0.1,40,339682,8/7/2015,6/15/2024,Text,@agenthandle1,High School Diploma,ABR,1.5,13,10,4:38 PM,Euro,5,Research Assistant IV,Dorelia Augie,Avamm,"Nullam sit amet turpis elementum ligula vehicula consequat. Morbi a ipsum. Integer a nibh.

In quis justo. Maecenas rhoncus aliquam lacus. Morbi quis tortor id nulla ultrices aliquet.

Maecenas leo odio, condimentum id, luctus nec, molestie sed, justo. Pellentesque viverra pede ac diam. Cras pellentesque volutpat dui.",3.4
8,tferrers7@elegantthemes.com,212-334-6099,250 Bay Hill,Asan,,South Korea,9,Spanish,Commercial,63744,0.09,23,122367,12/11/2017,7/4/2023,Email,@agenthandle2,Master's Degree,GRI,4.8,18,3,10:09 PM,Won,6,Statistician IV,Thornton Ferrers,Dablist,"Pellentesque at nulla. Suspendisse potenti. Cras in purus eu magna vulputate luctus.

Cum sociis natoque penatibus et magnis dis parturient montes, nascetur ridiculus mus. Vivamus vestibulum sagittis sapien. Cum sociis natoque penatibus et magnis dis parturient montes, nascetur ridiculus mus.

Etiam vel augue. Vestibulum rutrum rutrum neque. Aenean auctor gravida sem.",1.8
9,calenshev8@wix.com,352-780-3625,98 Sachs Trail,Thị Trấn Phù Yên,,Vietnam,3,French,Residential,62082,0.04,33,71136,2/17/2013,9/11/2024,Text,@agenthandle3,Master's Degree,CRS,4.7,11,1,6:57 AM,Dong,49,Database Administrator III,Cale Alenshev,Meezzy,"Aenean fermentum. Donec ut mauris eget massa tempor convallis. Nulla neque libero, convallis eget, eleifend luctus, ultricies eu, nibh.",1.9
10,grabbet9@nhs.uk,187-499-8732,87993 Commercial Crossing,Caen,14085 CEDEX 9,France,26,French,Vacation Rentals,55014,0.04,86,285485,6/18/2021,4/11/2024,Text,@agenthandle3,High School Diploma,ABR,3.9,9,2,1:17 AM,Euro,40,Speech Pathologist,Goldarina Rabbet,Fliptune,"Nullam sit amet turpis elementum ligula vehicula consequat. Morbi a ipsum. Integer a nibh.

In quis justo. Maecenas rhoncus aliquam lacus. Morbi quis tortor id nulla ultrices aliquet.

Maecenas leo odio, condimentum id, luctus nec, molestie sed, justo. Pellentesque viverra pede ac diam. Cras pellentesque volutpat dui.",2.2
11,sartharga@bbc.co.uk,384-720-7096,90228 Pine View Circle,Rengo,,Chile,30,English,Commercial,53402,0.1,92,796274,7/23/2019,1/27/2025,Text,@agenthandle2,High School Diploma,CRS,4.5,10,9,12:35 AM,Peso,49,Programmer Analyst III,Sherri Artharg,Dynava,"Vestibulum ac est lacinia nisi venenatis tristique. Fusce congue, diam id ornare imperdiet, sapien urna pretium nisl, ut volutpat sapien arcu sed augue. Aliquam erat volutpat.",1.5
12,gemmertb@comsenz.com,881-367-8787,42 Beilfuss Circle,Alès,30112 CEDEX,France,9,English,Residential,76678,0.05,53,118131,2/26/2017,1/9/2025,Text,@agenthandle1,Bachelor's Degree,CRS,3.9,15,6,11:43 AM,Euro,0,Dental Hygienist,Gerhard Emmert,Avamm,"In hac habitasse platea dictumst. Etiam faucibus cursus urna. Ut tellus.

Nulla ut erat id mauris vulputate elementum. Nullam varius. Nulla facilisi.

Cras non velit nec nisi vulputate nonummy. Maecenas tincidunt lacus at velit. Vivamus vel nulla eget eros elementum pellentesque.",3.0
13,spettersc@deviantart.com,787-324-7203,5255 Fallview Point,Yajiang,,China,20,English,Commercial,41310,0.03,14,773138,9/21/2020,10/11/2024,Phone,@agenthandle1,High School Diploma,ABR,3.0,15,3,8:02 AM,Yuan Renminbi,17,VP Quality Control,Sayre Petters,Voonder,"Curabitur gravida nisi at nibh. In hac habitasse platea dictumst. Aliquam augue quam, sollicitudin vitae, consectetuer eget, rutrum at, lorem.

Integer tincidunt ante vel ipsum. Praesent blandit lacinia erat. Vestibulum sed magna at nunc commodo placerat.

Praesent blandit. Nam nulla. Integer pede justo, lacinia eget, tincidunt eget, tempus vel, pede.",4.5
14,aseaged@clickbank.net,427-437-3250,0 Dakota Circle,Göteborg,411 10,Sweden,12,French,Commercial,22683,0.05,76,488301,3/8/2015,6/13/2023,Phone,@agenthandle3,Master's Degree,GRI,1.9,3,6,6:27 AM,Krona,12,Human Resources Manager,Anni Seage,Tekfly,"Quisque id justo sit amet sapien dignissim vestibulum. Vestibulum ante ipsum primis in faucibus orci luctus et ultrices posuere cubilia Curae; Nulla dapibus dolor vel est. Donec odio justo, sollicitudin ut, suscipit a, feugiat et, eros.

Vestibulum ac est lacinia nisi venenatis tristique. Fusce congue, diam id ornare imperdiet, sapien urna pretium nisl, ut volutpat sapien arcu sed augue. Aliquam erat volutpat.

In congue. Etiam justo. Etiam pretium iaculis justo.",4.6
15,mmintoe@usgs.gov,133-335-6692,9 Blaine Trail,Josefův Důl,468 44,Czech Republic,11,French,Residential,54223,0.08,23,270407,1/8/2022,1/25/2025,Email,@agenthandle1,High School Diploma,ABR,2.9,3,2,10:23 PM,Koruna,5,Account Executive,Matthaeus Minto,Shuffletag,"Pellentesque at nulla. Suspendisse potenti. Cras in purus eu magna vulputate luctus.

Cum sociis natoque penatibus et magnis dis parturient montes, nascetur ridiculus mus. Vivamus vestibulum sagittis sapien. Cum sociis natoque penatibus et magnis dis parturient montes, nascetur ridiculus mus.

Etiam vel augue. Vestibulum rutrum rutrum neque. Aenean auctor gravida sem.",2.0
16,dodoghestyf@parallels.com,530-309-4083,565 Red Cloud Point,Gulyantsi,5844,Bulgaria,8,Spanish,Commercial,40535,0.04,46,70562,5/16/2013,5/1/2025,Phone,@agenthandle3,Master's Degree,GRI,3.3,7,8,8:50 PM,Lev,50,Professor,Dorry O'Doghesty,Meetz,"Quisque id justo sit amet sapien dignissim vestibulum. Vestibulum ante ipsum primis in faucibus orci luctus et ultrices posuere cubilia Curae; Nulla dapibus dolor vel est. Donec odio justo, sollicitudin ut, suscipit a, feugiat et, eros.

Vestibulum ac est lacinia nisi venenatis tristique. Fusce congue, diam id ornare imperdiet, sapien urna pretium nisl, ut volutpat sapien arcu sed augue. Aliquam erat volutpat.

In congue. Etiam justo. Etiam pretium iaculis justo.",2.0
17,ckilgrewg@delicious.com,592-706-9127,055 Darwin Center,Sukakarya,,Indonesia,28,English,Vacation Rentals,33036,0.1,100,129052,12/9/2011,12/20/2025,Phone,@agenthandle3,Master's Degree,CRS,2.0,20,9,5:31 PM,Rupiah,49,Senior Cost Accountant,Charla Kilgrew,Devpoint,"Integer ac leo. Pellentesque ultrices mattis odio. Donec vitae nisi.

Nam ultrices, libero non mattis pulvinar, nulla pede ullamcorper augue, a suscipit nulla elit ac nulla. Sed vel enim sit amet nunc viverra dapibus. Nulla suscipit ligula in lacus.

Curabitur at ipsum ac tellus semper interdum. Mauris ullamcorper purus sit amet nulla. Quisque arcu libero, rutrum ac, lobortis vel, dapibus at, diam.",1.2
18,yhunnaballh@cnet.com,486-986-1620,7390 Eastwood Plaza,Wiesbaden,65191,Germany,10,French,Vacation Rentals,75292,0.05,82,814189,6/15/2013,4/12/2024,Email,@agenthandle2,High School Diploma,ABR,4.9,10,7,11:15 AM,Euro,10,Marketing Assistant,Yvette Hunnaball,Oyoyo,"Praesent id massa id nisl venenatis lacinia. Aenean sit amet justo. Morbi ut odio.

Cras mi pede, malesuada in, imperdiet et, commodo vulputate, justo. In blandit ultrices enim. Lorem ipsum dolor sit amet, consectetuer adipiscing elit.

Proin interdum mauris non ligula pellentesque ultrices. Phasellus id sapien in sapien iaculis congue. Vivamus metus arcu, adipiscing molestie, hendrerit at, vulputate vitae, nisl.",3.2
19,vgilffillandi@forbes.com,740-423-3668,02 3rd Center,Xiabaishi,,China,13,Spanish,Vacation Rentals,63593,0.07,58,424550,8/6/2016,8/11/2023,Phone,@agenthandle1,Master's Degree,ABR,2.8,3,3,10:51 AM,Yuan Renminbi,26,Social Worker,Veronica Gilffilland,Edgeclub,Duis aliquam convallis nunc. Proin at turpis a pede posuere nonummy. Integer non velit.,2.4
20,phanselmannj@dell.com,956-114-1841,88514 Lerdahl Drive,Yanmen,,China,2,French,Vacation Rentals,14189,0.02,33,997973,10/6/2013,10/15/2023,Phone,@agenthandle2,High School Diploma,GRI,4.2,17,8,4:41 AM,Yuan Renminbi,33,Web Designer IV,Perice Hanselmann,Kaymbo,"Duis bibendum, felis sed interdum venenatis, turpis enim blandit mi, in porttitor pede justo eu massa. Donec dapibus. Duis at velit eu est congue elementum.

In hac habitasse platea dictumst. Morbi vestibulum, velit id pretium iaculis, diam erat fermentum justo, nec condimentum neque sapien placerat ante. Nulla justo.",3.9
21,ggledhallk@pen.io,609-406-4219,7819 Clyde Gallagher Road,Kamen,21000,Croatia,30,English,Residential,36098,0.04,6,756708,12/8/2015,10/6/2024,Email,@agenthandle1,High School Diploma,ABR,1.4,1,4,6:31 PM,Kuna,43,Electrical Engineer,Gil Gledhall,Flashdog,"Integer ac leo. Pellentesque ultrices mattis odio. Donec vitae nisi.

Nam ultrices, libero non mattis pulvinar, nulla pede ullamcorper augue, a suscipit nulla elit ac nulla. Sed vel enim sit amet nunc viverra dapibus. Nulla suscipit ligula in lacus.

Curabitur at ipsum ac tellus semper interdum. Mauris ullamcorper purus sit amet nulla. Quisque arcu libero, rutrum ac, lobortis vel, dapibus at, diam.",2.1
22,jcourtneyl@army.mil,642-520-7254,02478 David Parkway,Yotala,,Bolivia,30,Spanish,Residential,14915,0.04,50,407271,9/5/2011,8/18/2024,Email,@agenthandle1,Bachelor's Degree,ABR,2.1,15,9,12:04 AM,Boliviano,1,Administrative Assistant IV,Jenilee Courtney,Leexo,"In hac habitasse platea dictumst. Etiam faucibus cursus urna. Ut tellus.

Nulla ut erat id mauris vulputate elementum. Nullam varius. Nulla facilisi.

Cras non velit nec nisi vulputate nonummy. Maecenas tincidunt lacus at velit. Vivamus vel nulla eget eros elementum pellentesque.",1.6
23,amakinm@columbia.edu,711-505-9409,51 Carioca Lane,Matsudo,441-2303,Japan,30,French,Commercial,72569,0.03,66,530778,4/10/2012,12/16/2023,Email,@agenthandle3,Bachelor's Degree,CRS,3.7,6,1,12:56 PM,Yen,18,Desktop Support Technician,Anatol Makin,Zoonoodle,"Proin leo odio, porttitor id, consequat in, consequat ut, nulla. Sed accumsan felis. Ut at dolor quis odio consequat varius.",2.3
24,kgamelln@google.co.jp,464-240-9772,2 Coolidge Drive,Mondragon,6417,Philippines,16,English,Vacation Rentals,47618,0.01,71,965840,3/14/2020,9/2/2024,Email,@agenthandle1,High School Diploma,GRI,1.1,1,10,1:06 PM,Peso,21,Senior Sales Associate,Kimball Gamell,Tagpad,"Aliquam quis turpis eget elit sodales scelerisque. Mauris sit amet eros. Suspendisse accumsan tortor quis turpis.

Sed ante. Vivamus tortor. Duis mattis egestas metus.",2.1
25,sscowno@businessweek.com,160-966-9023,475 Butternut Park,Naji,,China,13,French,Commercial,85455,0.02,15,827442,8/6/2019,3/1/2024,Email,@agenthandle2,Master's Degree,CRS,2.7,3,4,12:09 PM,Yuan Renminbi,3,Nuclear Power Engineer,Stern Scown,Youspan,"Vestibulum quam sapien, varius ut, blandit non, interdum in, ante. Vestibulum ante ipsum primis in faucibus orci luctus et ultrices posuere cubilia Curae; Duis faucibus accumsan odio. Curabitur convallis.

Duis consequat dui nec nisi volutpat eleifend. Donec ut dolor. Morbi vel lectus in quam fringilla rhoncus.

Mauris enim leo, rhoncus sed, vestibulum sit amet, cursus id, turpis. Integer aliquet, massa id lobortis convallis, tortor risus dapibus augue, vel accumsan tellus nisi eu orci. Mauris lacinia sapien quis libero.",2.3
26,rcheynep@spotify.com,749-209-8192,24329 Gale Park,Thới Bình,,Vietnam,23,Spanish,Residential,13794,0.09,74,947681,1/18/2019,3/4/2024,Phone,@agenthandle1,Master's Degree,CRS,3.7,16,3,7:33 PM,Dong,21,Assistant Media Planner,Ricard Cheyne,Feedspan,"Vestibulum quam sapien, varius ut, blandit non, interdum in, ante. Vestibulum ante ipsum primis in faucibus orci luctus et ultrices posuere cubilia Curae; Duis faucibus accumsan odio. Curabitur convallis.

Duis consequat dui nec nisi volutpat eleifend. Donec ut dolor. Morbi vel lectus in quam fringilla rhoncus.

Mauris enim leo, rhoncus sed, vestibulum sit amet, cursus id, turpis. Integer aliquet, massa id lobortis convallis, tortor risus dapibus augue, vel accumsan tellus nisi eu orci. Mauris lacinia sapien quis libero.",3.4
27,jsclandersq@weebly.com,254-578-5617,7625 Oxford Drive,Banjar Bau Kawan,,Indonesia,21,English,Commercial,75109,0.06,48,368289,3/1/2019,6/25/2025,Phone,@agenthandle3,High School Diploma,GRI,3.2,8,1,1:28 PM,Rupiah,9,Human Resources Assistant II,Jorgan Sclanders,Zoozzy,"Nulla ut erat id mauris vulputate elementum. Nullam varius. Nulla facilisi.

Cras non velit nec nisi vulputate nonummy. Maecenas tincidunt lacus at velit. Vivamus vel nulla eget eros elementum pellentesque.",3.0
28,bleaskr@pagesperso-orange.fr,201-139-0788,30 Paget Circle,Lalupon,,Nigeria,15,Spanish,Residential,24265,0.06,16,604998,9/12/2014,2/17/2024,Email,@agenthandle3,Master's Degree,ABR,4.6,13,1,10:13 AM,Naira,39,Compensation Analyst,Brandea Leask,Gigabox,"Morbi porttitor lorem id ligula. Suspendisse ornare consequat lectus. In est risus, auctor sed, tristique in, tempus sit amet, sem.",4.8
29,cmclorinans@imageshack.us,531-157-1054,784 Scofield Junction,Corinto,39200-000,Brazil,25,French,Commercial,32787,0.05,10,776923,4/5/2010,10/31/2023,Phone,@agenthandle2,High School Diploma,CRS,4.4,16,3,11:21 AM,Real,15,Financial Analyst,Christie McLorinan,Browsetype,"Sed ante. Vivamus tortor. Duis mattis egestas metus.

Aenean fermentum. Donec ut mauris eget massa tempor convallis. Nulla neque libero, convallis eget, eleifend luctus, ultricies eu, nibh.",2.3
30,lwookeyt@cloudflare.com,613-683-5149,8367 Barby Hill,Campo Verde,78840-000,Brazil,1,English,Commercial,74126,0.04,50,639285,3/9/2016,1/14/2023,Email,@agenthandle1,Bachelor's Degree,ABR,3.8,11,9,8:39 PM,Real,50,Computer Systems Analyst IV,Lissa Wookey,Gigashots,"Duis consequat dui nec nisi volutpat eleifend. Donec ut dolor. Morbi vel lectus in quam fringilla rhoncus.

Mauris enim leo, rhoncus sed, vestibulum sit amet, cursus id, turpis. Integer aliquet, massa id lobortis convallis, tortor risus dapibus augue, vel accumsan tellus nisi eu orci. Mauris lacinia sapien quis libero.

Nullam sit amet turpis elementum ligula vehicula consequat. Morbi a ipsum. Integer a nibh.",4.3
31,ebrutyu@example.com,500-926-8225,1311 Granby Crossing,Hanjiaji,,China,23,English,Residential,40232,0.07,58,537221,6/28/2010,5/2/2025,Email,@agenthandle1,Bachelor's Degree,ABR,4.7,19,6,9:32 AM,Yuan Renminbi,46,Statistician IV,Elysha Bruty,Vimbo,"Nam ultrices, libero non mattis pulvinar, nulla pede ullamcorper augue, a suscipit nulla elit ac nulla. Sed vel enim sit amet nunc viverra dapibus. Nulla suscipit ligula in lacus.

Curabitur at ipsum ac tellus semper interdum. Mauris ullamcorper purus sit amet nulla. Quisque arcu libero, rutrum ac, lobortis vel, dapibus at, diam.",4.3
32,iwhitelyv@theglobeandmail.com,902-137-2925,64272 Northwestern Alley,Kakhovka,,Ukraine,25,French,Commercial,96920,0.05,8,315335,10/11/2022,1/15/2023,Email,@agenthandle2,Master's Degree,GRI,4.2,16,4,8:18 AM,Hryvnia,44,Mechanical Systems Engineer,Isa Whitely,Dabvine,Duis consequat dui nec nisi volutpat eleifend. Donec ut dolor. Morbi vel lectus in quam fringilla rhoncus.,4.1
33,dmacchaellw@blogs.com,829-904-5585,46419 Monica Pass,Chengfeng,,China,17,English,Residential,21737,0.01,22,57696,9/14/2019,11/21/2025,Email,@agenthandle3,Master's Degree,GRI,2.1,3,9,10:47 PM,Yuan Renminbi,26,Desktop Support Technician,Darren MacChaell,Youspan,"Nam ultrices, libero non mattis pulvinar, nulla pede ullamcorper augue, a suscipit nulla elit ac nulla. Sed vel enim sit amet nunc viverra dapibus. Nulla suscipit ligula in lacus.

Curabitur at ipsum ac tellus semper interdum. Mauris ullamcorper purus sit amet nulla. Quisque arcu libero, rutrum ac, lobortis vel, dapibus at, diam.",1.1
34,gtreadgearx@aboutads.info,936-839-0960,049 Warner Pass,Az̧ Z̧alī‘ah,,Yemen,1,English,Vacation Rentals,59614,0.01,28,183706,9/20/2020,10/25/2024,Text,@agenthandle1,Bachelor's Degree,CRS,2.4,1,6,5:02 AM,Rial,44,Chemical Engineer,Giustina Treadgear,Plambee,"Duis bibendum, felis sed interdum venenatis, turpis enim blandit mi, in porttitor pede justo eu massa. Donec dapibus. Duis at velit eu est congue elementum.

In hac habitasse platea dictumst. Morbi vestibulum, velit id pretium iaculis, diam erat fermentum justo, nec condimentum neque sapien placerat ante. Nulla justo.",1.2
35,capplewhaitey@hhs.gov,637-120-3285,3340 Birchwood Lane,Bai’e,,China,22,Spanish,Commercial,97519,0.04,77,597557,6/12/2016,9/7/2023,Phone,@agenthandle3,High School Diploma,ABR,2.2,9,8,3:09 PM,Yuan Renminbi,26,VP Quality Control,Creigh Applewhaite,Yacero,"Aliquam quis turpis eget elit sodales scelerisque. Mauris sit amet eros. Suspendisse accumsan tortor quis turpis.

Sed ante. Vivamus tortor. Duis mattis egestas metus.",1.7
36,mlarkbyz@wisc.edu,339-758-1997,5 Talmadge Street,Abricots,,Haiti,10,French,Commercial,16327,0.02,81,327211,3/1/2018,12/30/2025,Email,@agenthandle1,Master's Degree,GRI,4.9,4,9,9:56 PM,Gourde,41,Mechanical Systems Engineer,Melody Larkby,Riffpedia,"Curabitur at ipsum ac tellus semper interdum. Mauris ullamcorper purus sit amet nulla. Quisque arcu libero, rutrum ac, lobortis vel, dapibus at, diam.",1.5
37,fblueman10@e-recht24.de,662-994-7350,2775 Cambridge Plaza,Mankono,,Ivory Coast,15,Spanish,Vacation Rentals,57448,0.08,32,394737,5/3/2021,8/28/2023,Text,@agenthandle1,High School Diploma,GRI,3.0,17,2,9:36 PM,Franc,29,Structural Analysis Engineer,Farly Blueman,Jamia,Sed ante. Vivamus tortor. Duis mattis egestas metus.,1.4
38,ngiordano11@msu.edu,592-785-0414,4 Anniversary Circle,San Antonio,78436,Mexico,2,Spanish,Vacation Rentals,58709,0.01,53,516553,11/13/2014,7/5/2023,Phone,@agenthandle2,Bachelor's Degree,GRI,1.6,6,9,1:51 AM,Peso,21,Marketing Assistant,Nessi Giordano,Photobug,"In hac habitasse platea dictumst. Etiam faucibus cursus urna. Ut tellus.

Nulla ut erat id mauris vulputate elementum. Nullam varius. Nulla facilisi.",4.3
39,baherne12@twitter.com,793-593-5922,954 Kropf Parkway,Baiima,,Sierra Leone,6,English,Residential,28294,0.06,68,845621,4/2/2017,10/9/2023,Text,@agenthandle2,High School Diploma,GRI,2.4,17,9,7:04 AM,Leone,5,Paralegal,Baillie Aherne,Wikizz,"Suspendisse potenti. In eleifend quam a odio. In hac habitasse platea dictumst.

Maecenas ut massa quis augue luctus tincidunt. Nulla mollis molestie lorem. Quisque ut erat.",1.2
40,askae13@mediafire.com,243-129-4117,81082 Hintze Parkway,Крушево,7550,Macedonia,2,Spanish,Residential,16968,0.02,8,180673,1/12/2019,4/22/2023,Text,@agenthandle1,Master's Degree,CRS,4.6,8,2,8:04 PM,Denar,30,Physical Therapy Assistant,Alfy Skae,Zoomcast,Nullam sit amet turpis elementum ligula vehicula consequat. Morbi a ipsum. Integer a nibh.,2.9
41,rgriffe14@ihg.com,165-234-5885,432 Stone Corner Terrace,Sancti Spíritus,,Cuba,6,English,Vacation Rentals,27020,0.1,15,258318,8/24/2012,7/15/2024,Phone,@agenthandle1,High School Diploma,CRS,4.8,14,10,1:18 PM,Peso,29,Actuary,Roshelle Griffe,Fliptune,"Maecenas tristique, est et tempus semper, est quam pharetra magna, ac consequat metus sapien ut nunc. Vestibulum ante ipsum primis in faucibus orci luctus et ultrices posuere cubilia Curae; Mauris viverra diam vitae quam. Suspendisse potenti.",4.5
42,tspincke15@github.io,866-488-8193,2091 Forest Run Lane,Antsirabe,,Madagascar,26,French,Residential,93595,0.03,94,622444,9/1/2013,1/23/2024,Text,@agenthandle3,Master's Degree,CRS,3.1,8,7,12:40 PM,Ariary,40,Biostatistician III,Tim Spincke,Quinu,Nullam porttitor lacus at turpis. Donec posuere metus vitae ipsum. Aliquam non mauris.,1.4
43,rgribbell16@github.io,877-181-6084,43 Kipling Park,Xiongshan,,China,22,French,Residential,93289,0.04,33,60601,10/14/2010,5/3/2023,Email,@agenthandle1,Bachelor's Degree,ABR,4.1,15,8,7:39 PM,Yuan Renminbi,4,Account Coordinator,Ronnie Gribbell,Fiveclub,"Curabitur in libero ut massa volutpat convallis. Morbi odio odio, elementum eu, interdum eu, tincidunt in, leo. Maecenas pulvinar lobortis est.

Phasellus sit amet erat. Nulla tempus. Vivamus in felis eu sapien cursus vestibulum.",4.9
44,fbutterley17@vistaprint.com,692-459-6817,25842 Sage Road,Hadapu Zhen,,China,14,French,Residential,38238,0.01,23,420336,5/7/2020,4/21/2023,Phone,@agenthandle2,Bachelor's Degree,CRS,2.2,16,6,11:27 AM,Yuan Renminbi,22,Programmer I,Fredrick Butterley,Livepath,"Nulla ut erat id mauris vulputate elementum. Nullam varius. Nulla facilisi.

Cras non velit nec nisi vulputate nonummy. Maecenas tincidunt lacus at velit. Vivamus vel nulla eget eros elementum pellentesque.",4.9
45,kbixley18@craigslist.org,367-577-6548,82762 Meadow Ridge Drive,Kerikeri,0245,New Zealand,15,French,Vacation Rentals,99359,0.03,71,743904,2/22/2017,7/12/2023,Phone,@agenthandle1,High School Diploma,CRS,2.6,15,7,3:45 PM,Dollar,50,Environmental Specialist,Kristoffer Bixley,Flipopia,"Duis bibendum. Morbi non quam nec dui luctus rutrum. Nulla tellus.

In sagittis dui vel nisl. Duis ac nibh. Fusce lacus purus, aliquet at, feugiat non, pretium quis, lectus.",2.6
46,kcancellor19@bloomberg.com,704-213-9798,778 Sommers Street,Laranjal Paulista,18500-000,Brazil,12,Spanish,Residential,39961,0.06,38,187245,1/11/2016,5/14/2024,Phone,@agenthandle3,Bachelor's Degree,GRI,3.1,12,6,1:38 AM,Real,14,Internal Auditor,Karita Cancellor,Edgetag,"Suspendisse potenti. In eleifend quam a odio. In hac habitasse platea dictumst.

Maecenas ut massa quis augue luctus tincidunt. Nulla mollis molestie lorem. Quisque ut erat.

Curabitur gravida nisi at nibh. In hac habitasse platea dictumst. Aliquam augue quam, sollicitudin vitae, consectetuer eget, rutrum at, lorem.",1.2
47,mjankiewicz1a@senate.gov,173-810-1575,1 Cody Hill,Abovyan,,Armenia,4,English,Residential,28210,0.1,77,710454,7/16/2016,12/10/2024,Text,@agenthandle2,Master's Degree,GRI,2.0,13,5,10:17 PM,Dram,3,Legal Assistant,Maggy Jankiewicz,Browsedrive,"In hac habitasse platea dictumst. Morbi vestibulum, velit id pretium iaculis, diam erat fermentum justo, nec condimentum neque sapien placerat ante. Nulla justo.

Aliquam quis turpis eget elit sodales scelerisque. Mauris sit amet eros. Suspendisse accumsan tortor quis turpis.",3.9
48,hziebart1b@ezinearticles.com,797-842-2321,6 Cherokee Trail,Besançon,25035 CEDEX,France,4,Spanish,Residential,56107,0.04,83,372978,8/4/2013,7/29/2025,Phone,@agenthandle2,Master's Degree,CRS,4.0,9,1,1:07 AM,Euro,24,Software Test Engineer I,Hermy Ziebart,Realmix,"Vestibulum ac est lacinia nisi venenatis tristique. Fusce congue, diam id ornare imperdiet, sapien urna pretium nisl, ut volutpat sapien arcu sed augue. Aliquam erat volutpat.",3.0
49,charrild1c@mozilla.org,996-871-6650,70 Express Way,Henglan,,China,29,Spanish,Commercial,26059,0.05,29,960881,7/15/2013,10/31/2024,Text,@agenthandle2,Master's Degree,ABR,1.8,19,2,9:47 PM,Yuan Renminbi,25,Geologist I,Claudianus Harrild,Miboo,"Duis consequat dui nec nisi volutpat eleifend. Donec ut dolor. Morbi vel lectus in quam fringilla rhoncus.

Mauris enim leo, rhoncus sed, vestibulum sit amet, cursus id, turpis. Integer aliquet, massa id lobortis convallis, tortor risus dapibus augue, vel accumsan tellus nisi eu orci. Mauris lacinia sapien quis libero.

Nullam sit amet turpis elementum ligula vehicula consequat. Morbi a ipsum. Integer a nibh.",1.1
50,awraith1d@sitemeter.com,491-796-7878,9 Cottonwood Court,Kampong Cham,,Cambodia,8,French,Vacation Rentals,14217,0.1,18,143062,9/22/2016,5/28/2025,Text,@agenthandle3,Master's Degree,GRI,1.8,13,5,8:04 AM,Riels,37,Occupational Therapist,Adelind Wraith,Aimbo,"Quisque id justo sit amet sapien dignissim vestibulum. Vestibulum ante ipsum primis in faucibus orci luctus et ultrices posuere cubilia Curae; Nulla dapibus dolor vel est. Donec odio justo, sollicitudin ut, suscipit a, feugiat et, eros.

Vestibulum ac est lacinia nisi venenatis tristique. Fusce congue, diam id ornare imperdiet, sapien urna pretium nisl, ut volutpat sapien arcu sed augue. Aliquam erat volutpat.

In congue. Etiam justo. Etiam pretium iaculis justo.",2.7
